ID,Lat,Lng
404356,38.015867,-122.182664
402518,38.015347,-122.179054
402516,38.006871,-122.166606
402214,38.001498,-122.150137
402212,37.995777,-122.144977
402210,37.989935,-122.139741
402835,37.99036,-122.131008
414294,37.991042,-122.127995
414295,37.993914,-122.121913
402513,37.995545,-122.119103
414025,37.996141,-122.117435
402512,37.996353,-122.113433
402510,37.99419,-122.10704
414028,37.990892,-122.098451
416736,37.990758,-122.097928
414031,37.990569,-122.092837
402837,37.991002,-122.086497
401952,37.992177,-122.076479
414032,37.992589,-122.07532
406623,37.993989,-122.071289
405046,37.995123,-122.067914
414039,37.998268,-122.060378
405270,38.001389,-122.050932
402207,38.002161,-122.047775
405580,38.007657,-122.0321
414480,38.00914,-122.024998
400615,38.010295,-122.017437
402205,38.011347,-122.010573
401568,38.013247,-121.998502
400049,38.014622,-121.994448
406056,38.018609,-121.98725
407233,38.021173,-121.981491
406057,38.023532,-121.97444
405269,38.023366,-121.968953
400764,38.022988,-121.966809
400270,38.022118,-121.962342
404350,38.020561,-121.954311
401485,38.019047,-121.94895
400324,38.018708,-121.941653
404873,38.018714,-121.938703
414035,38.019405,-121.924664
402503,38.019991,-121.917022
402203,38.019932,-121.905976
401826,38.01981,-121.90176
401828,38.01749,-121.892302
401829,38.016161,-121.886863
402502,38.014413,-121.879651
414041,38.01402,-121.877505
401954,38.011247,-121.864952
402069,38.008461,-121.854505
408154,38.007839,-121.852239
408602,38.00335,-121.835925
408604,38.002147,-121.831598
409956,37.99985,-121.82326
409958,37.99892,-121.819777
409960,37.998069,-121.815712
416929,37.998046,-121.808922
402491,37.998041,-121.805433
416930,37.998036,-121.803031
416449,37.997951,-121.796612
414707,37.996513,-121.787786
402489,37.995933,-121.784378
414831,37.995809,-121.783656
414830,37.994803,-121.777732
414829,37.993566,-121.770914
405742,37.990366,-121.758604
402482,37.990233,-121.757519
402086,37.990042,-121.756062
402088,37.980677,-121.745776
402090,37.980043,-121.745333
402091,37.979789,-121.745155
402094,37.964854,-121.740054
402096,37.964456,-121.740326
408152,37.960149,-121.74361
408151,37.952549,-121.744429
408606,37.938103,-121.738773
402522,38.008562,-122.220678
403267,38.00858,-122.208422
402521,38.010999,-122.201565
406065,38.016016,-122.182669
402517,38.015575,-122.179034
402505,38.011266,-122.172198
402515,38.007109,-122.166569
402213,38.001707,-122.150084
402211,37.99605,-122.144786
402209,37.990092,-122.139719
414046,37.990239,-122.132554
402834,37.990552,-122.130959
402514,37.993945,-122.122364
414306,37.994194,-122.121907
402511,37.996593,-122.11338
402509,37.994441,-122.106976
414050,37.992454,-122.10187
402507,37.990725,-122.094956
414056,37.990878,-122.092761
402836,37.991269,-122.086531
402208,37.991988,-122.078142
401951,37.992454,-122.076392
414053,37.992687,-122.075672
405583,37.993908,-122.07206
401756,37.995123,-122.068515
414060,37.998134,-122.061239
414311,38.001561,-122.051391
402206,38.002575,-122.047364
405585,38.00796,-122.032413
414058,38.008721,-122.029848
400516,38.009807,-122.023367
402204,38.01195,-122.009481
401476,38.013608,-121.99884
400993,38.016167,-121.992426
406063,38.018935,-121.987574
407238,38.021449,-121.981785
406064,38.023842,-121.974729
405274,38.023805,-121.969427
405276,38.023048,-121.965504
405275,38.022488,-121.962645
402504,38.021948,-121.959789
404358,38.020929,-121.954613
401526,38.019378,-121.949271
404360,38.019098,-121.942678
414043,38.019105,-121.939375
404877,38.019108,-121.939005
414057,38.019567,-121.924775
401825,38.019902,-121.901355
401827,38.017781,-121.892161
402501,38.015328,-121.88184
401830,38.013862,-121.875409
408164,38.012389,-121.86926
402068,38.008612,-121.854384
408165,38.007951,-121.851962
408615,38.004306,-121.838771
411075,38.002294,-121.831484
409966,38.000002,-121.823153
409968,37.998186,-121.81561
416940,37.998257,-121.809077
402490,37.998257,-121.808341
416943,37.998257,-121.80301
416459,37.998174,-121.796584
414719,37.996667,-121.787405
402488,37.996143,-121.784344
414839,37.996052,-121.783807
414840,37.995682,-121.781646
414838,37.995014,-121.777705
414837,37.993777,-121.770891
402483,37.990747,-121.759823
405746,37.990594,-121.758554
402085,37.990264,-121.75602
402089,37.983658,-121.747439
402087,37.981027,-121.745487
402092,37.97175,-121.739085
402093,37.965277,-121.739626
402095,37.965265,-121.739634
408166,37.953027,-121.744424
402098,37.952476,-121.744429
408619,37.944701,-121.741896
406788,38.222236,-122.250404
406789,38.221321,-122.24176
406790,38.217324,-122.226189
406791,38.214351,-122.217515
406792,38.212014,-122.210112
409478,38.208414,-122.186859
409479,38.207555,-122.182448
409480,38.206534,-122.178479
409481,38.207685,-122.166415
406793,38.222234,-122.250388
406794,38.221322,-122.241749
406795,38.217263,-122.226022
406796,38.214352,-122.217516
407239,38.212014,-122.210113
403471,37.06113,-122.004466
404365,37.141139,-121.98489
400108,37.190197,-121.992771
400154,37.226342,-121.975157
405279,37.235009,-121.97043
400649,37.251741,-121.958118
400715,37.256205,-121.955355
403329,37.270267,-121.947353
400436,37.271687,-121.947037
400221,37.293614,-121.937899
404370,37.296028,-121.939132
403475,37.061194,-122.004672
405586,37.140242,-121.984686
400416,37.227752,-121.974276
405281,37.235056,-121.970625
404378,37.249976,-121.959331
400832,37.254601,-121.956775
400073,37.2563,-121.955559
400278,37.266561,-121.948692
400298,37.293047,-121.937861
400100,37.295052,-121.938872
403280,37.827864,-122.267
400655,37.829582,-122.266637
401381,37.835333,-122.265611
400103,37.839085,-122.26443
402202,37.843252,-122.254814
402479,37.849522,-122.241018
407990,37.848686,-122.225718
404381,37.851048,-122.222784
407992,37.85316,-122.221654
407987,37.861705,-122.209368
400048,37.86726,-122.199105
401687,37.868707,-122.194653
400736,37.872735,-122.18927
400438,37.87761,-122.184005
400345,37.882713,-122.1802
400389,37.887084,-122.177406
401681,37.890212,-122.17369
401746,37.892433,-122.167031
400323,37.892701,-122.16068
400171,37.891457,-122.152067
400579,37.890953,-122.148661
400532,37.890463,-122.137515
402476,37.891579,-122.13026
400251,37.893156,-122.123812
400197,37.895088,-122.112962
400494,37.895807,-122.108492
401684,37.897341,-122.099019
401002,37.897666,-122.09174
400946,37.89776,-122.086814
400748,37.89729,-122.081421
401390,37.827408,-122.267734
400406,37.83111,-122.266925
400224,37.835531,-122.266013
404668,37.836532,-122.265822
400083,37.839128,-122.264826
402480,37.842559,-122.25791
402201,37.846642,-122.247226
402481,37.849812,-122.237592
402200,37.849093,-122.231287
407995,37.84877,-122.226571
404385,37.85081,-122.223193
408000,37.852296,-122.222499
407997,37.862139,-122.209838
400989,37.867462,-122.200125
400101,37.872945,-122.189548
400617,37.878808,-122.185235
400413,37.881791,-122.181562
401689,37.888027,-122.177148
400747,37.891089,-122.172893
400354,37.892849,-122.166614
401683,37.892591,-122.156901
400800,37.892206,-122.154409
400600,37.891528,-122.149959
400616,37.891578,-122.142555
400619,37.891509,-122.132425
401423,37.893061,-122.12582
400550,37.89455,-122.118824
400878,37.895657,-122.111891
400289,37.896274,-122.107979
401692,37.897512,-122.10034
400604,37.89803,-122.09204
400580,37.89816,-122.087509
401482,37.897809,-122.082484
403744,36.943913,-121.502887
401674,36.948171,-121.5126
401679,36.950307,-121.521774
401677,36.9526,-121.527113
401682,36.954824,-121.52944
401680,36.962635,-121.54368
401666,36.950307,-121.521775
401678,36.952601,-121.527114
402039,38.098527,-122.520036
402041,38.105662,-122.511247
402043,38.121444,-122.497006
402045,38.154841,-122.422072
402047,38.117426,-122.289217
401706,38.121597,-122.27723
401702,38.123781,-122.271749
401696,38.137096,-122.256692
401694,38.140282,-122.253117
401701,38.14186,-122.246347
402049,38.141243,-122.232302
402051,38.140566,-122.222246
402038,38.098652,-122.520221
402040,38.105801,-122.511444
402042,38.121611,-122.497174
402044,38.15484,-122.422075
402046,38.117602,-122.289241
401704,38.121697,-122.277273
401703,38.123853,-122.271793
401693,38.137569,-122.256176
401700,38.140335,-122.253057
401699,38.141954,-122.246347
402048,38.141456,-122.232308
402050,38.140802,-122.221723
402814,37.793423,-122.382858
402815,37.799144,-122.376772
402816,37.804603,-122.37087
402817,37.807966,-122.367285
404896,37.813047,-122.36157
404921,37.814005,-122.359342
404886,37.814439,-122.357984
404923,37.815028,-122.356114
404885,37.816129,-122.352728
404906,37.816684,-122.351037
404891,37.817238,-122.349345
404908,37.817739,-122.347825
404889,37.818297,-122.346136
404910,37.819207,-122.342869
404892,37.819507,-122.34108
404912,37.819788,-122.339284
404894,37.820069,-122.337488
404914,37.820574,-122.334255
404897,37.820771,-122.332998
404898,37.821192,-122.330304
404899,37.821409,-122.32868
401546,37.821573,-122.327415
404400,37.822124,-122.323635
401892,37.824658,-122.307909
401657,37.825581,-122.302794
401671,37.828559,-122.294113
405450,37.830413,-122.293447
403430,37.835812,-122.295362
401513,37.838814,-122.296557
403998,37.846189,-122.298192
405589,37.849265,-122.298899
400679,37.853676,-122.300011
401198,37.858492,-122.30137
400432,37.864887,-122.30302
400728,37.866567,-122.303586
400612,37.871861,-122.305215
408632,37.87745,-122.307025
401079,37.878155,-122.307214
415253,37.884807,-122.308622
401901,37.884846,-122.30863
401239,37.889597,-122.308245
402062,37.89875,-122.309494
400329,37.903574,-122.31244
401509,37.904465,-122.313054
401575,37.909564,-122.31655
401195,37.912502,-122.317364
400027,37.914241,-122.317388
401558,37.91859,-122.317348
401045,37.924801,-122.320238
400182,37.925458,-122.320648
400445,37.932712,-122.325878
400443,37.937479,-122.325945
401221,37.943467,-122.323784
405754,37.948086,-122.325699
401228,37.952355,-122.327741
406652,37.954251,-122.328788
400770,37.955597,-122.329563
401895,37.959098,-122.33058
417277,37.964182,-122.325908
416790,37.965565,-122.323404
401243,37.969552,-122.320607
401551,37.972158,-122.319728
401209,37.975449,-122.318616
401260,37.979209,-122.317341
400082,37.980187,-122.317007
400976,37.986348,-122.314626
400838,37.988948,-122.312525
400430,37.991671,-122.308362
400865,37.99336,-122.301718
400902,37.993583,-122.300078
401269,37.996735,-122.286591
400660,37.99801,-122.285108
401070,38.003715,-122.279792
401058,38.007548,-122.276203
415255,38.012634,-122.271459
401090,38.013374,-122.270787
415254,38.01664,-122.267759
400478,38.016698,-122.267706
403946,38.023822,-122.261076
403276,38.029324,-122.255991
403458,38.033961,-122.251633
400124,38.036872,-122.249008
403460,38.042156,-122.242272
408634,38.044441,-122.238958
401793,38.046061,-122.236703
404401,38.052579,-122.227498
407865,38.074144,-122.230324
400829,38.075421,-122.231255
400622,38.084435,-122.233021
402174,38.089554,-122.23111
408178,38.094187,-122.229869
404388,38.101812,-122.229656
409100,38.104549,-122.229604
404390,38.116649,-122.230024
407869,38.124871,-122.229014
402079,38.136531,-122.221583
407866,38.140013,-122.219315
410772,38.144683,-122.216877
402239,38.150739,-122.216538
411793,38.157473,-122.212869
402235,38.16352,-122.208162
410778,38.168733,-122.200784
402002,38.169958,-122.198969
410774,38.173528,-122.193907
410775,38.178901,-122.188653
410776,38.184915,-122.180511
413094,38.187162,-122.173965
410741,38.190415,-122.168903
413371,38.19744,-122.162148
401318,38.202928,-122.155877
410756,38.20691,-122.151326
401781,38.218004,-122.135704
401784,38.223534,-122.127613
401787,38.227089,-122.121342
401789,38.23082,-122.113024
413372,38.232673,-122.108645
401791,38.233999,-122.105578
410745,38.243059,-122.084857
404391,38.247249,-122.074294
401151,38.251746,-122.067825
402004,38.253081,-122.066699
401879,38.259621,-122.061166
412683,38.26529,-122.056389
410742,38.274301,-122.0487
411792,38.279834,-122.043995
413373,38.289236,-122.036051
403455,38.296379,-122.033862
413374,38.301733,-122.033731
413375,38.305495,-122.033692
412684,38.311972,-122.032899
411113,38.317414,-122.030171
410764,38.325962,-122.023306
413380,38.330465,-122.020435
413377,38.33447,-122.017861
401878,38.335762,-122.017033
413376,38.341821,-122.009747
411118,38.346594,-121.996132
409998,38.346659,-121.995968
410761,38.349785,-121.988068
413091,38.353171,-121.979953
408464,38.357573,-121.974911
410752,38.362792,-121.967042
410767,38.362968,-121.96675
408784,38.369338,-121.957953
410750,38.372017,-121.954589
410755,38.373669,-121.952524
411116,38.376656,-121.948714
402241,38.402199,-121.915666
402243,38.409972,-121.905441
402245,38.416238,-121.897211
402246,38.42011,-121.892123
403425,38.42476,-121.886025
402248,38.430209,-121.878856
402250,38.440289,-121.865617
402251,38.444361,-121.860391
402255,38.455556,-121.846011
402257,38.460952,-121.839086
402259,38.465727,-121.83293
402261,38.47285,-121.823777
402263,38.481036,-121.813375
402264,38.487178,-121.805573
402266,38.491377,-121.800506
402268,38.49691,-121.79457
402270,38.506841,-121.783839
402827,37.799244,-122.376792
414758,37.8121,-122.362981
404918,37.812318,-122.362743
404920,37.813382,-122.361274
404883,37.814051,-122.359471
404922,37.814597,-122.357787
404884,37.815201,-122.355938
404905,37.816189,-122.352909
404887,37.816738,-122.351227
404907,37.817231,-122.349713
404888,37.817784,-122.34803
404909,37.81834,-122.346347
404890,37.819267,-122.343098
404911,37.819575,-122.34132
404893,37.819855,-122.33953
404913,37.820219,-122.337204
404895,37.820638,-122.334519
404915,37.82083,-122.333266
404916,37.821241,-122.330579
404917,37.82149,-122.328967
404415,37.821688,-122.327712
404416,37.822342,-122.323875
401503,37.825278,-122.30642
407750,37.825306,-122.306251
401539,37.826038,-122.302202
401211,37.839668,-122.297004
405602,37.846565,-122.298515
400691,37.850502,-122.299413
400126,37.856366,-122.301014
401242,37.858593,-122.301665
400009,37.864883,-122.303345
400176,37.867545,-122.304183
400060,37.87181,-122.305549
401524,37.877407,-122.307241
401066,37.878125,-122.307431
401900,37.88833,-122.30909
401234,37.89438,-122.307952
401052,37.898689,-122.309697
409584,37.900816,-122.310886
400628,37.903475,-122.312712
400079,37.904377,-122.313309
400755,37.909536,-122.316706
401229,37.91248,-122.317515
400470,37.914219,-122.317555
400819,37.918568,-122.317539
401041,37.92469,-122.320506
400378,37.925318,-122.320965
400113,37.932553,-122.326013
400361,37.937368,-122.326196
401253,37.943406,-122.323941
405763,37.947988,-122.325817
415263,37.949897,-122.326742
401256,37.952266,-122.327891
406660,37.954132,-122.3289
401894,37.959017,-122.33077
417288,37.964094,-122.326415
416774,37.965473,-122.323829
401197,37.969432,-122.320772
401571,37.972099,-122.319898
401215,37.974619,-122.319044
411149,37.977141,-122.318156
400411,37.980256,-122.317154
400538,37.987092,-122.31465
400465,37.989153,-122.3126
400929,37.991876,-122.308285
401480,37.99346,-122.301971
400313,37.993511,-122.301607
401230,37.996269,-122.287675
400301,37.999311,-122.28411
401084,38.003734,-122.280004
401081,38.007643,-122.276369
401083,38.010814,-122.273346
401226,38.014164,-122.270259
415264,38.01661,-122.267992
400707,38.016716,-122.267896
401274,38.0216,-122.263382
400235,38.030602,-122.254968
403459,38.033934,-122.251887
400501,38.036851,-122.249232
403461,38.042178,-122.242478
401673,38.044372,-122.239337
401395,38.046031,-122.23699
404407,38.052683,-122.227605
401646,38.058015,-122.225635
401636,38.064357,-122.226272
401638,38.067752,-122.226796
400337,38.075741,-122.231688
400128,38.084834,-122.233136
404745,38.089363,-122.231409
404408,38.099842,-122.229874
409107,38.104864,-122.229808
400074,38.108307,-122.22977
404409,38.116679,-122.230224
404410,38.122301,-122.230238
407883,38.124914,-122.229194
402077,38.137369,-122.221311
414093,38.140344,-122.219402
402238,38.150809,-122.216813
411804,38.157542,-122.213092
402234,38.163669,-122.208464
410820,38.169003,-122.200897
410824,38.173742,-122.194192
410825,38.179234,-122.189127
410826,38.185384,-122.180879
410829,38.190692,-122.169275
401219,38.201274,-122.158165
410790,38.207525,-122.151042
401216,38.21022,-122.147452
401782,38.220082,-122.133174
401785,38.223755,-122.127691
401786,38.227238,-122.121552
401788,38.230959,-122.113197
413389,38.232855,-122.108831
401790,38.234207,-122.105771
410791,38.23801,-122.097046
410782,38.241901,-122.088193
404413,38.248687,-122.071376
402003,38.253226,-122.066886
401152,38.257563,-122.063217
401155,38.259133,-122.061907
412696,38.26419,-122.057658
410779,38.271273,-122.051651
411131,38.282917,-122.041772
411132,38.288196,-122.037282
410803,38.296973,-122.03414
411134,38.302049,-122.034026
411137,38.31073,-122.033429
409232,38.316871,-122.031008
410817,38.324228,-122.024773
410814,38.33359,-122.018792
401877,38.335912,-122.017281
413390,38.341987,-122.010006
410811,38.345308,-122.000218
408790,38.346893,-121.996082
410808,38.349933,-121.988342
410805,38.353019,-121.980638
408473,38.357776,-121.97501
410788,38.362974,-121.96711
401923,38.364998,-121.963981
410786,38.371532,-121.955582
411141,38.375879,-121.950357
411140,38.384759,-121.938422
402240,38.402318,-121.915787
402242,38.410093,-121.905606
402244,38.416347,-121.897404
403426,38.424813,-121.886281
402247,38.430261,-121.879137
402249,38.44034,-121.865893
402252,38.446157,-121.858439
402253,38.450532,-121.852801
402254,38.455628,-121.846255
402256,38.460724,-121.83971
402258,38.465814,-121.833155
402260,38.473363,-121.823474
402262,38.481149,-121.813543
402265,38.489167,-121.803384
402267,38.49707,-121.79472
402269,38.507719,-121.78334
400729,37.241625,-121.7675
404439,37.241688,-121.772849
401880,37.24082,-121.778693
400410,37.240325,-121.782062
413716,37.242794,-121.803276
400132,37.243208,-121.806387
400444,37.25025,-121.835557
400145,37.251693,-121.838501
400268,37.255651,-121.858078
401555,37.255657,-121.858984
400052,37.255936,-121.874584
400461,37.254781,-121.878917
400750,37.250746,-121.907763
400148,37.250664,-121.912479
400336,37.250624,-121.928209
400713,37.251585,-121.934046
400485,37.254231,-121.949216
400822,37.255715,-121.955375
400464,37.258029,-121.962211
400688,37.259412,-121.966974
404434,37.265521,-121.98154
400222,37.275395,-122.004702
400952,37.279234,-122.01035
401210,37.291198,-122.023391
400507,37.298931,-122.029806
400185,37.303131,-122.034527
400677,37.32001,-122.048757
404435,37.326592,-122.050852
407344,37.331501,-122.054687
407321,37.333648,-122.056851
407331,37.335431,-122.058337
407341,37.344713,-122.059766
407339,37.351571,-122.060285
407337,37.353092,-122.0609
402060,37.356655,-122.062397
407336,37.363146,-122.062707
407335,37.373213,-122.067368
407328,37.377217,-122.067542
407342,37.379094,-122.067604
407325,37.383707,-122.068108
407323,37.396419,-122.068661
400174,37.403686,-122.06976
404442,37.241444,-121.769405
404448,37.241502,-121.772811
400963,37.241254,-121.798377
400894,37.242723,-121.804466
400577,37.249661,-121.835108
400754,37.25151,-121.838854
400519,37.255257,-121.85256
400637,37.255322,-121.855765
400085,37.255594,-121.87471
400690,37.255184,-121.876817
400059,37.250481,-121.907735
400717,37.250424,-121.912467
400772,37.250448,-121.928226
400700,37.251345,-121.934089
400017,37.253303,-121.94544
400934,37.254002,-121.949365
400792,37.255491,-121.955543
400907,37.257815,-121.96237
400213,37.259192,-121.967128
404444,37.265311,-121.981694
400582,37.275212,-122.004898
400097,37.279012,-122.010614
401224,37.291054,-122.023638
400828,37.298804,-122.030071
400648,37.303016,-122.034801
400209,37.319961,-122.049031
407370,37.333574,-122.057007
407373,37.337629,-122.059717
407372,37.344708,-122.059991
407364,37.351529,-122.060518
402061,37.356616,-122.06262
407361,37.363107,-122.063006
407360,37.373187,-122.067646
407352,37.377057,-122.067805
407367,37.379368,-122.067871
407348,37.384273,-122.068412
400528,37.388893,-122.068829
407374,37.395123,-122.068612
400869,37.403673,-122.069953
400149,37.4118,-122.077964
401937,37.411338,-122.076826
405613,37.262704,-121.858533
400280,37.26198,-121.858479
401129,37.265284,-121.858973
401957,37.270311,-121.861079
404451,37.27263,-121.862544
400178,37.276874,-121.863698
401567,37.279628,-121.864838
404452,37.284773,-121.867709
401597,37.2874,-121.869623
400418,37.291828,-121.871836
400654,37.297486,-121.874117
400664,37.303458,-121.878143
404453,37.309111,-121.882596
400258,37.313462,-121.886197
400916,37.320404,-121.89031
400563,37.325124,-121.893062
402056,37.328954,-121.895643
402059,37.337479,-121.897848
402118,37.344411,-121.902181
409524,37.348448,-121.907247
409525,37.362566,-121.917493
409526,37.366737,-121.921627
401817,37.371274,-121.926917
400842,37.261849,-121.859205
401154,37.265167,-121.858959
401958,37.270209,-121.860998
404462,37.272658,-121.862556
400457,37.276763,-121.863661
401457,37.279515,-121.864784
405619,37.284665,-121.867631
401606,37.287298,-121.869548
400257,37.291715,-121.871799
400040,37.294949,-121.873109
400837,37.303359,-121.878066
404461,37.309012,-121.882518
400995,37.313375,-121.886106
400065,37.320292,-121.890281
400236,37.325009,-121.892984
402057,37.336401,-121.897563
402058,37.337137,-121.897741
402117,37.344302,-121.902123
409528,37.362467,-121.917418
409529,37.366662,-121.921519
401816,37.37116,-121.926885
401547,37.507109,-122.338144
417374,37.515412,-122.328878
401453,37.524638,-122.332182
401012,37.531919,-122.329851
401426,37.547452,-122.32065
400861,37.550944,-122.310834
400314,37.552461,-122.303913
401053,37.553842,-122.29183
409614,37.555537,-122.286977
401402,37.560418,-122.278316
401343,37.563622,-122.273387
400683,37.56726,-122.269207
406688,37.627801,-122.121868
406685,37.631102,-122.112144
406695,37.636947,-122.098741
401223,37.507295,-122.338218
417405,37.513786,-122.329448
405644,37.520707,-122.331612
400504,37.531103,-122.330303
401431,37.546647,-122.324375
400905,37.550785,-122.311328
400162,37.552538,-122.307782
401065,37.553869,-122.293168
409635,37.555714,-122.287089
401298,37.557273,-122.283726
401394,37.560575,-122.278481
401305,37.562748,-122.274967
400071,37.567395,-122.26939
406713,37.628674,-122.119903
406716,37.631299,-122.112219
406719,37.635671,-122.101773
409868,36.91937,-121.547493
402294,36.92555,-121.547028
409869,36.933636,-121.551222
402296,36.938711,-121.552481
409870,36.945044,-121.552717
402298,36.952216,-121.552213
402008,36.958075,-121.551297
409893,36.961649,-121.551023
402300,36.965869,-121.552149
409858,36.97321,-121.554325
402302,36.980439,-121.55735
409865,36.985369,-121.558479
402011,36.9996,-121.555853
409889,37.001927,-121.555986
409884,37.00378,-121.556453
414192,37.010623,-121.55997
409892,37.015136,-121.562462
410112,37.01939,-121.564786
409878,37.021778,-121.566106
409881,37.025098,-121.5679
409873,37.040108,-121.575953
402314,37.044741,-121.578022
409872,37.052834,-121.581531
410515,37.057774,-121.583661
410106,37.060792,-121.584968
401592,37.070515,-121.589243
409856,37.071597,-121.58977
402321,37.081974,-121.595454
410108,37.087426,-121.598455
409859,37.089952,-121.599842
409880,37.097388,-121.60395
402327,37.103108,-121.60944
409877,37.107061,-121.614493
402328,37.112261,-121.621044
411233,37.119108,-121.626023
413786,37.121459,-121.627416
401581,37.13061,-121.632802
401578,37.133642,-121.634578
401586,37.140251,-121.639919
410099,37.145422,-121.644905
401660,37.152456,-121.65189
401663,37.154637,-121.653989
410096,37.158365,-121.657728
402337,37.163058,-121.663633
402339,37.168787,-121.668555
410097,37.175213,-121.675592
402341,37.180554,-121.681139
410098,37.185879,-121.686122
407429,37.188785,-121.690165
401662,37.19253,-121.695462
402343,37.196849,-121.701575
401670,37.201089,-121.708235
410100,37.204456,-121.71414
400237,37.210372,-121.723483
402345,37.215727,-121.728741
401658,37.220762,-121.734732
410083,37.226114,-121.741622
410084,37.234838,-121.75609
402347,37.239343,-121.764097
400181,37.244125,-121.772528
400014,37.245818,-121.775473
402350,37.248955,-121.781141
400474,37.256295,-121.794639
404519,37.26409,-121.800811
402353,37.2712,-121.803139
400858,37.281279,-121.807832
413782,37.296128,-121.810444
402355,37.299781,-121.813351
400325,37.304612,-121.818006
400591,37.304727,-121.818118
402356,37.307829,-121.821116
402358,37.314719,-121.827787
413205,37.319673,-121.832538
400195,37.321278,-121.834098
402359,37.329728,-121.842102
401908,37.335284,-121.847662
400804,37.336089,-121.848437
402361,37.336549,-121.848881
400400,37.34241,-121.854543
401890,37.343447,-121.855539
400996,37.350928,-121.862378
400668,37.35512,-121.866967
402362,37.358996,-121.871981
400965,37.363311,-121.893592
400001,37.364085,-121.901149
404753,37.364689,-121.902989
402364,37.368104,-121.90788
400863,37.371809,-121.91655
400911,37.372674,-121.922087
400760,37.374628,-121.931055
400964,37.376685,-121.94075
400227,37.377237,-121.943586
404521,37.382586,-121.965617
400353,37.383125,-121.967496
401994,37.385523,-121.975872
400246,37.386551,-121.979462
402366,37.388542,-121.986478
400168,37.391166,-121.995524
400790,37.391922,-121.998077
402370,37.39592,-122.013438
401996,37.396411,-122.015716
401997,37.398597,-122.025693
404522,37.402071,-122.041627
401998,37.404178,-122.05107
402372,37.40547,-122.055924
401534,37.407511,-122.065278
401948,37.409514,-122.071728
401507,37.412677,-122.079539
401949,37.414582,-122.083368
402376,37.435945,-122.109246
402377,37.440393,-122.113925
402379,37.445961,-122.11976
402380,37.451442,-122.125642
404529,37.45328,-122.12842
400859,37.463019,-122.145022
404533,37.46526,-122.148841
400981,37.468385,-122.15411
402398,37.469675,-122.156317
404534,37.472754,-122.161627
401474,37.47483,-122.165147
400388,37.480426,-122.174688
401927,37.483144,-122.17985
401653,37.483811,-122.181671
401872,37.484232,-122.183031
405673,37.486916,-122.200187
401874,37.487321,-122.203433
405679,37.490966,-122.217925
401835,37.491388,-122.218882
404531,37.491812,-122.219838
404532,37.49432,-122.225804
401834,37.496129,-122.232158
401833,37.496527,-122.233527
401929,37.503896,-122.244641
401652,37.50798,-122.249252
401882,37.512823,-122.254705
401832,37.515299,-122.25749
401869,37.518081,-122.260663
401859,37.521719,-122.264813
401910,37.525813,-122.269411
401443,37.527313,-122.271113
402383,37.535878,-122.279744
401914,37.544766,-122.287979
400661,37.545931,-122.289058
400291,37.546976,-122.290032
400107,37.551284,-122.294014
400645,37.552458,-122.295073
405859,37.553723,-122.296261
402385,37.55476,-122.29726
402387,37.561476,-122.303632
405827,37.562468,-122.304701
402389,37.565888,-122.308379
405848,37.570051,-122.31293
403261,37.571801,-122.314844
400753,37.573775,-122.316986
400720,37.575964,-122.319373
401199,37.580252,-122.323992
400935,37.584184,-122.328291
400527,37.586468,-122.331956
400007,37.586936,-122.337721
400817,37.587146,-122.34519
400420,37.587303,-122.351386
400797,37.589378,-122.359934
400381,37.593148,-122.365697
400441,37.595999,-122.37006
403258,37.598847,-122.374424
401336,37.604536,-122.38319
400119,37.608473,-122.389316
401411,37.609492,-122.390874
400975,37.611714,-122.394268
413195,37.614268,-122.396958
400593,37.618189,-122.398826
400125,37.61875,-122.399021
400331,37.62072,-122.399676
400010,37.629765,-122.402365
400473,37.634102,-122.402969
400039,37.637025,-122.404035
400316,37.639474,-122.405195
400503,37.646963,-122.406317
400540,37.65101,-122.406709
405843,37.656031,-122.406484
408093,37.661537,-122.402393
402390,37.662818,-122.400418
401448,37.664884,-122.397377
402391,37.666938,-122.395366
400497,37.672002,-122.390835
405841,37.67668,-122.388491
404520,37.689373,-122.390539
400183,37.689942,-122.390669
401469,37.691221,-122.39097
401472,37.700468,-122.393067
405838,37.703738,-122.393821
400260,37.706585,-122.394455
404528,37.710864,-122.395412
401795,37.717176,-122.398947
401358,37.72349,-122.40102
400255,37.727662,-122.402599
401934,37.73437,-122.406177
401277,37.74302,-122.406392
400868,37.7536,-122.402898
401409,37.756863,-122.403503
401516,37.760031,-122.406233
406871,37.769968,-122.418524
401819,37.77007,-122.419351
409306,37.833093,-122.481888
402553,37.835036,-122.484252
402555,37.841973,-122.485648
402557,37.847996,-122.48811
402559,37.857163,-122.497555
402561,37.860178,-122.501486
402563,37.865789,-122.506948
402565,37.873995,-122.508234
402567,37.878684,-122.514764
402569,37.889129,-122.516609
402571,37.895638,-122.516134
402573,37.902868,-122.515561
402575,37.908497,-122.514031
402577,37.914035,-122.511883
402579,37.92111,-122.511887
402581,37.925781,-122.514392
402583,37.935199,-122.516528
402585,37.94093,-122.515733
401624,37.947043,-122.513505
402587,37.949644,-122.511853
402140,37.961589,-122.509784
402141,37.962862,-122.510604
402142,37.967035,-122.517695
403317,37.9784,-122.52052
403315,37.984333,-122.523212
403313,37.991151,-122.529622
402589,38.000724,-122.536873
402591,38.0069,-122.541228
402593,38.014108,-122.541703
402595,38.021089,-122.539073
402597,38.02395,-122.538378
402599,38.031163,-122.537269
402601,38.036845,-122.536348
400656,38.037559,-122.536356
400428,38.041791,-122.536263
400630,38.043717,-122.535012
400598,38.04987,-122.531433
400283,38.053731,-122.530648
400349,38.057912,-122.530824
400962,38.06368,-122.534971
401616,38.069425,-122.538644
400768,38.074507,-122.541273
400214,38.076333,-122.54237
400390,38.081688,-122.547804
405367,38.085672,-122.552052
405369,38.090765,-122.557424
405386,38.094103,-122.560474
402607,38.102099,-122.561494
405373,38.10438,-122.561855
405374,38.106734,-122.562684
402609,38.107709,-122.563001
402612,38.114794,-122.564501
405377,38.116364,-122.56475
405384,38.119079,-122.565146
402613,38.119365,-122.565187
402615,38.126375,-122.565467
402617,38.131839,-122.563599
402619,38.143211,-122.564319
402621,38.150124,-122.566283
412392,38.164087,-122.576371
402623,38.166558,-122.579538
402631,38.213416,-122.601858
402633,38.217496,-122.603786
415657,38.219719,-122.605825
415667,38.221612,-122.60855
415649,38.235551,-122.618943
406287,38.246398,-122.626642
406289,38.248482,-122.630637
402639,38.253469,-122.640313
402641,38.256816,-122.646524
402643,38.261099,-122.654145
402645,38.26551,-122.661879
406551,38.268679,-122.665638
412398,38.271805,-122.669466
412395,38.272925,-122.670913
402649,38.275665,-122.674491
416587,38.27719,-122.676476
402651,38.281046,-122.681512
406553,38.285021,-122.68666
402655,38.290757,-122.694521
402657,38.29555,-122.701201
406554,38.302089,-122.70673
402659,38.309092,-122.712581
402661,38.314269,-122.715049
406556,38.316269,-122.714775
409663,38.320931,-122.713567
406557,38.324586,-122.712765
402663,38.32615,-122.712638
409664,38.329145,-122.712636
402665,38.332736,-122.712666
409666,38.333026,-122.712669
406558,38.34072,-122.712778
402667,38.342171,-122.712792
406562,38.346087,-122.712867
406564,38.347681,-122.712915
401758,38.351161,-122.712983
401605,38.364327,-122.712405
420141,38.36836,-122.712213
402671,38.378431,-122.71612
401598,38.385828,-122.716069
402673,38.392939,-122.71603
402675,38.399471,-122.715987
401603,38.413693,-122.715906
401602,38.421215,-122.715338
402677,38.42899,-122.714934
402125,38.432104,-122.715593
402128,38.437017,-122.717757
402129,38.44047,-122.72011
402132,38.444794,-122.723133
402133,38.447225,-122.724799
402135,38.45231,-122.725972
402138,38.459434,-122.7261
409674,38.461174,-122.726224
410502,38.469357,-122.728752
409671,38.476952,-122.731947
409673,38.48076,-122.734495
409668,38.495094,-122.75456
409683,38.49694,-122.757163
410505,38.512215,-122.776593
409678,38.524825,-122.789007
409681,38.526361,-122.790432
410504,38.545447,-122.806983
402698,38.548783,-122.80957
402701,38.560924,-122.822047
402703,38.565538,-122.826435
402704,38.567384,-122.828195
402706,38.577103,-122.836069
402708,38.583945,-122.841166
402710,38.590526,-122.846097
402712,38.595747,-122.854373
402713,38.598044,-122.858814
403270,38.602528,-122.866119
402717,38.608079,-122.87372
402719,38.621129,-122.878381
402721,38.627242,-122.877985
402723,38.637098,-122.877151
402725,38.647636,-122.872752
402727,38.665486,-122.876344
402729,38.671863,-122.879711
403271,38.683676,-122.880666
402734,38.693222,-122.884247
402736,38.698208,-122.892367
402739,38.706169,-122.907576
402753,38.708797,-122.91289
402742,38.714797,-122.919956
402744,38.724755,-122.933815
402746,38.729321,-122.941408
402748,38.73499,-122.944745
402602,38.740689,-122.948338
402751,38.756315,-122.971836
402754,38.760993,-122.981554
402756,38.76368,-122.988057
402758,38.767641,-122.994584
402760,38.772941,-122.999263
402765,38.791499,-123.011325
402767,38.800458,-123.012923
402604,38.808343,-123.011669
402769,38.813041,-123.012302
402763,38.820241,-123.014671
406742,38.827171,-123.01441
402773,38.831117,-123.014906
402775,38.838137,-123.0207
402777,38.844486,-123.026976
402779,38.849907,-123.0299
409926,36.919384,-121.5476
402295,36.925548,-121.547247
409927,36.93368,-121.551632
402297,36.938772,-121.552731
409928,36.944941,-121.552937
402299,36.952235,-121.552455
408716,36.958214,-121.551503
409933,36.961639,-121.551221
402301,36.96584,-121.552382
409919,36.973161,-121.554545
402303,36.980409,-121.557644
409935,36.985208,-121.558865
402010,36.999566,-121.556242
402106,37.000864,-121.556242
401691,37.003565,-121.556793
414227,37.01052,-121.560339
409948,37.015035,-121.562809
410167,37.019286,-121.56513
409943,37.025003,-121.568235
409924,37.040052,-121.576318
409931,37.052776,-121.581885
410563,37.057849,-121.584062
410163,37.060857,-121.585383
409462,37.063864,-121.586715
401589,37.070428,-121.589598
409918,37.075762,-121.592442
402322,37.081336,-121.595505
410165,37.087444,-121.598858
409929,37.090097,-121.60032
409941,37.097254,-121.604288
409940,37.106915,-121.614849
402329,37.112135,-121.621406
409938,37.11795,-121.625774
409942,37.130233,-121.632983
409946,37.13455,-121.63556
401579,37.140073,-121.640223
410157,37.14532,-121.64531
410153,37.150411,-121.650337
410155,37.153363,-121.65323
401668,37.154503,-121.654348
410150,37.158247,-121.658053
402338,37.163384,-121.664417
402340,37.171546,-121.671905
410151,37.174929,-121.675868
402342,37.1802,-121.681522
410152,37.185438,-121.686355
407439,37.188381,-121.690347
402344,37.195584,-121.700525
401661,37.200753,-121.708573
410158,37.20414,-121.714458
400223,37.208513,-121.721905
410169,37.211575,-121.725216
402346,37.215461,-121.729
401669,37.220499,-121.734981
410142,37.225847,-121.741873
410143,37.234595,-121.756538
402348,37.239708,-121.765563
401881,37.241836,-121.769232
404547,37.245551,-121.775718
402349,37.246208,-121.776913
402351,37.248679,-121.78139
400742,37.25555,-121.793969
402352,37.266834,-121.802011
400978,37.282486,-121.808807
406151,37.290532,-121.80987
413820,37.296088,-121.810741
400891,37.29855,-121.812553
413814,37.303682,-121.817493
402357,37.308845,-121.822499
400138,37.317118,-121.830485
416623,37.320339,-121.833585
402360,37.329591,-121.842361
401906,37.335259,-121.848031
401891,37.343293,-121.855795
400160,37.348392,-121.860589
400440,37.353727,-121.865827
402363,37.3588,-121.872094
400109,37.362706,-121.889426
400922,37.363644,-121.899535
400394,37.364382,-121.902692
402365,37.367859,-121.907971
400172,37.376264,-121.939712
400586,37.376835,-121.942537
400895,37.380958,-121.960741
400206,37.381356,-121.96211
400372,37.38482,-121.974251
400069,37.385758,-121.977493
402367,37.388372,-121.986538
400794,37.390422,-121.993716
400643,37.390763,-121.994912
400904,37.395067,-122.010518
404553,37.395734,-122.013489
402371,37.396611,-122.017518
400330,37.398628,-122.026802
400743,37.398989,-122.028373
400545,37.40013,-122.033628
400435,37.403153,-122.047463
402373,37.405335,-122.056343
401936,37.407282,-122.06515
401926,37.411999,-122.078452
400264,37.413855,-122.082578
402000,37.419828,-122.091045
402378,37.440293,-122.114141
404561,37.445696,-122.119856
404563,37.446362,-122.120546
402381,37.451289,-122.125797
404558,37.453032,-122.128402
400425,37.459416,-122.139286
400733,37.462878,-122.145152
404559,37.465121,-122.148973
402122,37.468307,-122.154416
400578,37.469612,-122.156607
404560,37.472595,-122.161772
401467,37.474668,-122.165291
400783,37.480254,-122.174886
401913,37.482728,-122.179403
401649,37.483737,-122.182037
401873,37.484087,-122.183239
404572,37.486799,-122.200441
401875,37.487195,-122.203699
401837,37.490595,-122.217518
401876,37.491361,-122.219254
404573,37.49171,-122.220042
404574,37.494154,-122.225964
401860,37.495989,-122.23223
401861,37.496473,-122.233944
401928,37.504821,-122.246025
401651,37.508175,-122.249762
401883,37.512813,-122.254967
401868,37.514523,-122.256924
401870,37.517958,-122.26082
401831,37.521616,-122.264949
402382,37.526779,-122.27078
402384,37.535766,-122.279937
401439,37.541393,-122.285108
401446,37.544196,-122.287712
400272,37.546868,-122.290231
400531,37.551205,-122.29422
400884,37.552362,-122.2953
407007,37.553623,-122.296488
402386,37.554651,-122.297487
402388,37.561364,-122.303829
405877,37.57004,-122.313214
403262,37.571692,-122.314996
400263,37.573665,-122.317153
400730,37.575865,-122.319539
401233,37.580145,-122.324183
400002,37.584097,-122.328465
400106,37.586325,-122.332169
400621,37.58677,-122.337944
401000,37.586941,-122.345424
400787,37.587138,-122.352354
400098,37.589264,-122.360143
400421,37.593761,-122.367078
400439,37.595859,-122.370348
403259,37.598722,-122.37472
401634,37.601853,-122.379526
401631,37.60296,-122.381221
400568,37.608375,-122.389578
400657,37.611521,-122.394365
401515,37.61287,-122.39602
400784,37.618053,-122.399121
400484,37.618753,-122.39936
400977,37.620575,-122.399975
400340,37.629746,-122.402661
400116,37.634035,-122.403213
400763,37.636976,-122.40429
400886,37.639558,-122.405568
406032,37.646215,-122.406517
400766,37.647089,-122.406584
401523,37.651292,-122.406933
408101,37.661758,-122.402363
401451,37.665037,-122.397511
408098,37.665359,-122.397143
402392,37.666959,-122.395578
400781,37.671403,-122.391502
405900,37.676428,-122.388762
404575,37.689407,-122.390851
400744,37.689976,-122.390983
401462,37.690972,-122.391216
401501,37.700511,-122.393392
405870,37.703641,-122.394116
400641,37.706492,-122.394734
404569,37.710838,-122.395652
401454,37.717182,-122.399154
401357,37.723512,-122.401258
401935,37.734313,-122.406375
401285,37.744018,-122.405853
400043,37.753591,-122.403092
401410,37.75671,-122.403619
401408,37.75869,-122.405643
401405,37.769586,-122.416414
401820,37.769613,-122.416876
409335,37.832687,-122.481539
402554,37.83449,-122.483986
402556,37.84191,-122.485884
402558,37.847958,-122.488452
402560,37.856955,-122.497516
402562,37.861516,-122.504435
402564,37.865172,-122.507103
402566,37.873728,-122.508164
402568,37.878558,-122.514921
402570,37.886662,-122.516813
402572,37.895619,-122.516374
402574,37.903269,-122.515767
402576,37.908462,-122.514293
402578,37.913992,-122.51216
402580,37.921052,-122.512103
402582,37.92784,-122.51539
402584,37.935185,-122.51674
400547,37.942551,-122.515478
402586,37.945072,-122.514753
402588,37.949662,-122.512058
402139,37.961812,-122.510124
403316,37.978421,-122.520802
403314,37.984302,-122.523394
416911,37.987323,-122.526075
403312,37.991112,-122.529804
402590,38.000645,-122.537054
402592,38.005504,-122.540645
402594,38.014112,-122.541958
402596,38.021163,-122.539241
402598,38.02401,-122.538569
402600,38.031191,-122.537492
400382,38.037635,-122.536716
400011,38.041862,-122.536533
400525,38.043798,-122.535322
400782,38.04924,-122.531986
400460,38.05375,-122.530892
400727,38.057889,-122.531097
400392,38.063597,-122.535214
400620,38.065599,-122.536996
400304,38.069309,-122.538884
400143,38.074388,-122.541483
400513,38.076213,-122.542571
400000,38.081498,-122.547963
405389,38.085479,-122.552218
402605,38.085591,-122.552334
402606,38.088919,-122.555867
405390,38.090475,-122.55751
405406,38.093999,-122.560733
402608,38.100497,-122.561783
405395,38.104329,-122.562181
405398,38.106641,-122.562964
402610,38.107604,-122.563306
402611,38.113232,-122.564557
405399,38.116211,-122.565038
405394,38.11891,-122.565434
402614,38.120614,-122.565691
402616,38.126004,-122.565924
402618,38.131481,-122.563903
402620,38.142932,-122.564512
402622,38.14989,-122.566475
412439,38.162778,-122.574905
402624,38.1665,-122.579784
402632,38.213335,-122.602082
402634,38.217406,-122.604043
415697,38.219173,-122.605497
415704,38.221495,-122.608711
402005,38.2353,-122.619054
406302,38.246274,-122.62679
406305,38.248385,-122.630829
402640,38.253484,-122.640773
402642,38.256841,-122.646953
402644,38.26103,-122.65439
402646,38.265391,-122.662002
406573,38.268564,-122.665764
412443,38.271059,-122.668844
412446,38.272572,-122.670792
402650,38.275433,-122.674528
416620,38.276915,-122.676458
402652,38.280662,-122.681356
406575,38.284547,-122.686388
403303,38.290369,-122.694299
402658,38.295172,-122.701107
406577,38.301757,-122.706742
402660,38.308871,-122.712717
402662,38.314143,-122.715249
406578,38.316184,-122.715031
409712,38.319929,-122.714062
406579,38.324642,-122.712993
402664,38.326229,-122.712878
409715,38.329265,-122.712886
402666,38.332878,-122.712925
409717,38.333167,-122.712929
406586,38.340828,-122.713007
402668,38.342274,-122.713028
401766,38.346176,-122.713111
401728,38.349211,-122.71318
418244,38.351379,-122.713225
401595,38.364505,-122.712662
401601,38.368371,-122.712467
402672,38.378426,-122.716347
401604,38.385827,-122.716316
402674,38.392943,-122.716306
402676,38.399479,-122.71628
401599,38.413712,-122.7162
401609,38.420521,-122.715784
402124,38.430806,-122.71547
402126,38.431917,-122.715812
402127,38.436946,-122.718
402130,38.440397,-122.72033
402131,38.444726,-122.723327
402134,38.447044,-122.724873
402136,38.452267,-122.726193
402137,38.459424,-122.726283
409720,38.469339,-122.728964
409722,38.47582,-122.731691
409724,38.480723,-122.734758
409733,38.49579,-122.755832
409725,38.49744,-122.758174
410553,38.510987,-122.775412
410547,38.512418,-122.777214
409728,38.525435,-122.789848
409730,38.526731,-122.79106
410550,38.545356,-122.807197
402702,38.560915,-122.8223
410545,38.566546,-122.827704
402705,38.567357,-122.828465
402707,38.577055,-122.836329
402709,38.58389,-122.841408
402711,38.590438,-122.846326
402714,38.598056,-122.859295
402716,38.602504,-122.866436
402718,38.608009,-122.873866
402720,38.621185,-122.87856
402722,38.627327,-122.878141
402724,38.637067,-122.877326
402726,38.647595,-122.872942
402728,38.665432,-122.876624
402730,38.671802,-122.880009
402731,38.67783,-122.880796
402733,38.683619,-122.880925
402735,38.693174,-122.884616
402737,38.698167,-122.892708
402738,38.702262,-122.898883
402740,38.705412,-122.907159
402741,38.710951,-122.917006
402743,38.714671,-122.920216
402745,38.724602,-122.934036
402747,38.729162,-122.941598
402749,38.734813,-122.944928
402603,38.740529,-122.94846
402752,38.756135,-122.971959
402755,38.760826,-122.981662
402757,38.763503,-122.988176
402759,38.767459,-122.994724
402761,38.772785,-122.99946
402766,38.791512,-123.011643
402768,38.800553,-123.013208
402762,38.807273,-123.012139
402770,38.813021,-123.012591
402764,38.820063,-123.01491
406760,38.826849,-123.014629
402774,38.830813,-123.014883
402776,38.837892,-123.020792
402778,38.844327,-123.027058
402780,38.849837,-123.029949
404585,37.406298,-122.011605
400970,37.409675,-121.996301
400973,37.417735,-121.972451
400567,37.418931,-121.962821
400104,37.419313,-121.95548
400296,37.420359,-121.93915
400873,37.420927,-121.93674
401351,37.401701,-122.032879
400581,37.402668,-122.029069
404586,37.406475,-122.011621
400687,37.408833,-122.000989
400274,37.409627,-121.997252
418663,37.414471,-121.980878
400096,37.417981,-121.972547
400201,37.419186,-121.962831
400449,37.419452,-121.955498
401014,37.420505,-121.9392
400158,37.421059,-121.93678
413845,37.422887,-121.925747
406766,37.690532,-122.091359
405694,37.69074,-122.091842
401841,37.689198,-122.10708
400050,37.688984,-122.114253
400646,37.689634,-122.119252
402532,37.689868,-122.120854
401392,37.690807,-122.131038
406767,37.690259,-122.089852
405698,37.690459,-122.090275
401686,37.688902,-122.106837
400115,37.688688,-122.114306
400297,37.689523,-122.119266
402533,37.689774,-122.12086
401385,37.690755,-122.130603
414247,37.963535,-122.050151
401282,37.969613,-122.04788
414248,37.973425,-122.046244
401393,37.979004,-122.043205
400521,37.987589,-122.040509
401537,37.988174,-122.04039
414249,37.992699,-122.039408
400112,37.998096,-122.038232
414250,37.963553,-122.05039
401289,37.969653,-122.048119
414251,37.973476,-122.046477
401399,37.979212,-122.043366
400596,37.987627,-122.040728
414252,37.992735,-122.039621
400307,37.997771,-122.03856
414253,38.002914,-122.037482
401403,37.338232,-121.854583
401655,37.335596,-121.858919
401808,37.334883,-121.860066
403402,37.32872,-121.870796
400799,37.327927,-121.876137
400953,37.327241,-121.88076
401810,37.32592,-121.883989
413878,37.324641,-121.888603
414284,37.323066,-121.896538
401942,37.322594,-121.897858
413877,37.321613,-121.899642
414694,37.315051,-121.913497
401167,37.316984,-121.923208
405701,37.316969,-121.924481
407710,37.317459,-121.938793
401400,37.316841,-121.952427
400714,37.316788,-121.953512
400414,37.317942,-121.977301
400560,37.324839,-122.002891
400499,37.331068,-122.014931
419057,37.334468,-122.034052
401845,37.332668,-122.060628
400726,37.341729,-122.091188
403318,37.453878,-122.28392
400319,37.506335,-122.337198
403320,37.556776,-122.38004
403323,37.596885,-122.420006
400276,37.62897,-122.432885
401213,37.638316,-122.440672
401016,37.644965,-122.448632
400028,37.649733,-122.451962
403327,37.659508,-122.46315
400703,37.662585,-122.465286
400338,37.671398,-122.466632
404617,37.711252,-122.454834
404618,37.719431,-122.448259
400156,37.727079,-122.445019
400676,37.731577,-122.43422
401486,37.731414,-122.424609
400575,37.731873,-122.417757
400322,37.734299,-122.409462
400573,37.770861,-122.397356
401391,37.337881,-121.85467
401809,37.334524,-121.860098
403401,37.328484,-121.870843
403404,37.327807,-121.874899
403406,37.32592,-121.883314
401811,37.325651,-121.883953
403409,37.324015,-121.890673
403412,37.32243,-121.89764
401943,37.322361,-121.8978
402067,37.321367,-121.899571
403414,37.314844,-121.913648
401327,37.315095,-121.914498
403419,37.316766,-121.921548
401163,37.316756,-121.923186
407711,37.317112,-121.941507
401388,37.316628,-121.952438
400292,37.316378,-121.972052
400429,37.319424,-121.993175
400084,37.329258,-122.012053
400673,37.329972,-122.013423
400823,37.334249,-122.030111
404640,37.333349,-122.050857
401846,37.332482,-122.060617
400807,37.341455,-122.091236
403319,37.45368,-122.284145
400350,37.506759,-122.33852
403321,37.556566,-122.380222
403324,37.596664,-122.420151
403904,37.638284,-122.440981
403906,37.644736,-122.448925
403328,37.659478,-122.463677
403908,37.662373,-122.465652
403910,37.675831,-122.470236
401512,37.677847,-122.47162
403902,37.702855,-122.472093
404647,37.711347,-122.455028
404648,37.719675,-122.448467
400746,37.721564,-122.448231
400397,37.726891,-122.445512
400318,37.731198,-122.436258
401470,37.731979,-122.427875
400552,37.731804,-122.421878
401018,37.732647,-122.414119
400231,37.762469,-122.392743
402420,37.718211,-121.669346
402424,37.720431,-121.687475
402410,37.718518,-121.696655
402032,37.716692,-121.705048
402408,37.713351,-121.713265
402031,37.710034,-121.7211
402406,37.704105,-121.735155
402030,37.702925,-121.738302
402430,37.702324,-121.746413
402404,37.70238,-121.747506
402026,37.702703,-121.755526
402402,37.702234,-121.764593
405706,37.700905,-121.772818
402400,37.699984,-121.780016
402434,37.69966,-121.783826
402435,37.700063,-121.791737
412930,37.70065,-121.797311
403399,37.700666,-121.801508
403396,37.700683,-121.802968
401564,37.700802,-121.812823
401412,37.70086,-121.818662
402439,37.700891,-121.823407
400153,37.700927,-121.826692
416731,37.70099,-121.838007
402418,37.701099,-121.846036
402417,37.701135,-121.849868
403227,37.701267,-121.864103
400986,37.701322,-121.869395
400625,37.701329,-121.871949
401852,37.701391,-121.883264
401433,37.70139,-121.885271
400111,37.70141,-121.888557
402442,37.70137,-121.892753
406609,37.701469,-121.902607
401006,37.701529,-121.904795
400892,37.701571,-121.907167
402017,37.701638,-121.912277
407964,37.701648,-121.913371
401695,37.701171,-121.921149
406605,37.699915,-121.926769
402015,37.698211,-121.934682
402222,37.69819,-121.946552
402446,37.69817,-121.954965
402448,37.696995,-121.968736
402450,37.699898,-121.988806
402452,37.703279,-122.000677
402454,37.702987,-122.009775
402455,37.701568,-122.019856
402224,37.701845,-122.033225
401854,37.70096,-122.03778
402226,37.698004,-122.042005
406604,37.693792,-122.048339
406602,37.691723,-122.0654
403223,37.690595,-122.071617
402457,37.690589,-122.074877
402539,37.690526,-122.084955
402537,37.690236,-122.091948
401856,37.721144,-122.135
401858,37.763133,-122.149977
400492,37.780572,-122.173006
400692,37.786914,-122.196329
402105,37.793819,-122.2053
400948,37.798217,-122.216962
400302,37.800558,-122.227577
400261,37.805061,-122.234851
400026,37.809611,-122.246363
401452,37.811293,-122.249829
401548,37.816339,-122.251805
400203,37.822145,-122.259965
401481,37.822748,-122.262051
401899,37.824753,-122.270809
400489,37.824791,-122.270978
400075,37.82576,-122.275143
417212,37.82719,-122.281451
420279,37.826861,-122.285019
401218,37.891533,-122.308848
405029,37.900628,-122.314601
405024,37.905897,-122.31891
400395,37.914244,-122.325871
407017,37.917462,-122.329259
400216,37.919642,-122.332292
400202,37.92135,-122.337615
400359,37.922431,-122.357855
400639,37.927097,-122.37423
402419,37.718428,-121.669385
402421,37.721487,-121.676275
402423,37.72094,-121.686875
402409,37.718904,-121.69682
402425,37.718757,-121.697517
402217,37.717219,-121.704646
402033,37.717123,-121.704989
402407,37.713589,-121.713345
402426,37.712635,-121.715594
402218,37.708641,-121.725076
402029,37.708574,-121.725238
402405,37.704313,-121.735236
402028,37.702801,-121.739963
402429,37.702595,-121.741391
402403,37.702595,-121.747543
402025,37.702942,-121.755507
402401,37.70248,-121.764596
402027,37.700891,-121.774267
402399,37.700224,-121.780045
402433,37.699656,-121.787125
412950,37.700896,-121.797342
403393,37.700919,-121.801358
403391,37.700926,-121.802636
401531,37.701058,-121.812858
400334,37.701111,-121.817968
402007,37.701136,-121.819792
403103,37.701171,-121.826724
402438,37.701248,-121.836572
402416,37.701361,-121.84861
413635,37.701397,-121.851884
403228,37.701495,-121.864059
402019,37.701573,-121.871745
402020,37.701578,-121.872112
401851,37.701673,-121.883255
400816,37.701684,-121.885255
402443,37.701773,-121.895981
402016,37.70183,-121.90489
402018,37.701847,-121.908181
402444,37.701951,-121.915924
410686,37.700807,-121.924022
402445,37.698731,-121.93366
402012,37.698503,-121.937095
402221,37.698534,-121.945474
402447,37.697754,-121.963582
402449,37.698845,-121.979793
402451,37.701593,-121.992068
402453,37.703462,-122.008093
402456,37.70111,-122.022997
402223,37.702224,-122.032695
401853,37.70123,-122.037919
402225,37.697587,-122.043025
406614,37.694015,-122.048603
402227,37.692408,-122.064219
403219,37.690954,-122.073988
402228,37.690953,-122.074169
402538,37.690839,-122.08497
406613,37.690798,-122.093072
401855,37.721256,-122.134811
401857,37.763173,-122.149746
400549,37.78073,-122.172868
401015,37.783815,-122.178637
400031,37.787056,-122.196191
402104,37.793991,-122.20519
400339,37.79841,-122.216924
400308,37.800758,-122.227469
401017,37.805197,-122.234712
400950,37.80979,-122.246264
401447,37.811386,-122.249717
401483,37.816343,-122.251589
400606,37.822295,-122.25977
401478,37.822927,-122.261851
401898,37.824927,-122.270729
400480,37.824968,-122.270895
400815,37.825941,-122.275114
417234,37.827489,-122.281915
420298,37.827101,-122.285308
401208,37.890467,-122.308444
405034,37.900654,-122.314366
405030,37.90599,-122.31874
400407,37.914274,-122.325581
407023,37.917369,-122.328803
400867,37.919482,-122.331673
400675,37.921473,-122.336918
400734,37.926527,-122.365224
400738,37.927273,-122.37421
403266,37.95535,-122.5003
407172,37.341738,-121.848369
407173,37.342007,-121.847982
407165,37.344023,-121.845368
407167,37.350275,-121.83842
407170,37.355375,-121.838389
407176,37.358523,-121.840267
407177,37.360223,-121.841285
407179,37.368611,-121.846609
407180,37.372785,-121.850839
407181,37.379684,-121.857783
407157,37.385475,-121.863839
407155,37.391513,-121.870376
407153,37.398059,-121.875211
407174,37.40088,-121.876103
407161,37.40777,-121.878234
407152,37.416073,-121.880751
407151,37.420741,-121.882093
407150,37.427274,-121.884436
407148,37.433665,-121.887868
407163,37.438152,-121.889287
407162,37.447443,-121.891175
403244,37.449973,-121.891948
400870,37.460605,-121.900727
411716,37.464814,-121.904137
400232,37.468847,-121.907383
403246,37.471715,-121.909504
401583,37.484267,-121.913886
403250,37.489989,-121.917822
403257,37.494134,-121.921456
400376,37.496302,-121.923874
413980,37.514578,-121.939494
402794,37.514975,-121.939719
413983,37.519172,-121.942186
413984,37.526059,-121.945964
413985,37.534768,-121.934386
402796,37.536006,-121.931923
402799,37.539395,-121.9258
401608,37.706032,-121.925529
401697,37.708575,-121.92765
401582,37.710859,-121.929582
401587,37.713274,-121.931606
401594,37.716883,-121.934662
400335,37.720756,-121.937891
400546,37.724687,-121.941
401434,37.724997,-121.941236
401593,37.72851,-121.943953
401359,37.729064,-121.944384
401917,37.736265,-121.949884
401102,37.747942,-121.957587
400880,37.751602,-121.959813
400212,37.75546,-121.962333
406906,37.758682,-121.964418
401487,37.761391,-121.966173
401279,37.767312,-121.970029
401955,37.771983,-121.972539
401468,37.775076,-121.974082
401441,37.777505,-121.9753
400118,37.780195,-121.976672
400988,37.784173,-121.978863
401107,37.788293,-121.981119
401098,37.797357,-121.98592
401422,37.800538,-121.988095
400152,37.805463,-121.990262
400972,37.813212,-121.993211
400090,37.819445,-121.993177
400554,37.822475,-121.993421
401314,37.823575,-121.993841
400207,37.827979,-121.998142
401112,37.832229,-122.004645
401104,37.833874,-122.007206
400712,37.835529,-122.009979
400450,37.838067,-122.014224
407463,37.839933,-122.017269
407462,37.845783,-122.025397
401724,37.849917,-122.028521
401924,37.853385,-122.02894
401444,37.857709,-122.030894
400636,37.862189,-122.033884
400933,37.86442,-122.036749
401373,37.868315,-122.039906
400785,37.871289,-122.042178
400150,37.874155,-122.044346
400303,37.875017,-122.045018
401566,37.881591,-122.050662
404683,37.889161,-122.057599
400211,37.8897,-122.058213
400025,37.892272,-122.06331
404694,37.89526,-122.069583
400801,37.897448,-122.070857
401095,37.901176,-122.070224
401542,37.906311,-122.069159
400078,37.913722,-122.066597
400814,37.917697,-122.063663
401407,37.921844,-122.061541
407464,37.926535,-122.060476
404684,37.932612,-122.060086
404696,37.932757,-122.060083
400505,37.935645,-122.060104
401762,37.942855,-122.05913
401778,37.943954,-122.05866
401770,37.947233,-122.057213
401742,37.963414,-122.054436
400184,37.964604,-122.055102
407452,37.97016,-122.059344
407457,37.978657,-122.065116
407455,37.982228,-122.065865
407456,37.98524,-122.066466
401718,37.993647,-122.068919
405924,37.996163,-122.071677
401113,37.999266,-122.075542
401780,38.002078,-122.078721
404687,38.005708,-122.082669
404690,38.014321,-122.091647
401768,38.020646,-122.100069
402411,38.024635,-122.109562
402541,38.031982,-122.11675
402151,38.041481,-122.120454
402153,38.04334,-122.121891
402155,38.045206,-122.123374
402158,38.047027,-122.124819
407460,38.061999,-122.131285
400295,38.070032,-122.126275
404692,38.074753,-122.122338
400369,38.088513,-122.109515
400287,38.116567,-122.106057
401424,38.145138,-122.109703
400551,38.182144,-122.133796
400805,38.204729,-122.137909
400665,37.341439,-121.849299
418817,37.341525,-121.849158
407194,37.344191,-121.845564
400535,37.349493,-121.839218
407196,37.35456,-121.838284
407197,37.355237,-121.838607
407202,37.360613,-121.841794
407204,37.366097,-121.845103
407206,37.372897,-121.851246
407207,37.379794,-121.858188
407187,37.383139,-121.861675
407186,37.391614,-121.870798
407200,37.398207,-121.875543
407191,37.407919,-121.878542
407190,37.412704,-121.880023
407185,37.420881,-121.882423
407184,37.427403,-121.884848
403237,37.433785,-121.888307
403240,37.440283,-121.890041
403243,37.446722,-121.891377
403245,37.450086,-121.892368
400791,37.460727,-121.901158
403169,37.464949,-121.904686
400695,37.468731,-121.907735
403247,37.471574,-121.909912
400602,37.484104,-121.914359
403251,37.489832,-121.918271
403254,37.494036,-121.921808
400566,37.496212,-121.924229
402793,37.513955,-121.939573
403226,37.514883,-121.940093
414015,37.519045,-121.942663
414016,37.52525,-121.947054
402795,37.531118,-121.941782
402797,37.535677,-121.933111
402798,37.539435,-121.926165
403332,37.555189,-121.916278
403334,37.562099,-121.905591
403337,37.574508,-121.885487
403338,37.576,-121.881123
403340,37.586937,-121.871989
403343,37.597197,-121.873567
403346,37.646676,-121.891218
403349,37.662002,-121.906857
401596,37.697749,-121.921633
403352,37.698854,-121.922072
401705,37.710472,-121.929641
401590,37.713363,-121.932068
401580,37.71698,-121.935122
401722,37.720856,-121.938337
402103,37.724706,-121.94131
400818,37.724817,-121.941397
401588,37.728651,-121.944342
401356,37.729031,-121.944636
401918,37.736222,-121.95013
401126,37.747916,-121.957829
400696,37.751571,-121.96005
400553,37.755435,-121.962571
401461,37.75851,-121.964605
401347,37.76122,-121.966344
401288,37.767277,-121.970295
401956,37.771955,-121.972763
400446,37.77437,-121.973981
401950,37.777206,-121.975377
400105,37.77936,-121.976464
400958,37.784162,-121.979035
401103,37.788286,-121.9813
401114,37.797324,-121.986164
401420,37.800514,-121.988319
400741,37.805445,-121.990488
400437,37.813185,-121.993418
400767,37.819421,-121.993374
401328,37.823549,-121.994013
400401,37.827922,-121.99838
401124,37.829025,-122.000079
401999,37.832159,-122.004898
401097,37.833812,-122.007449
400852,37.835476,-122.010223
400393,37.837989,-122.014484
407487,37.839897,-122.017522
407486,37.845724,-122.025619
401744,37.84987,-122.028746
401925,37.853324,-122.029154
401437,37.857661,-122.031123
400053,37.862138,-122.034099
401484,37.865141,-122.037802
401366,37.868257,-122.040144
400169,37.871257,-122.042369
400749,37.874152,-122.044475
401794,37.875054,-122.045272
401519,37.881497,-122.050948
401889,37.883723,-122.053331
400774,37.885756,-122.055178
401840,37.886545,-122.056179
401344,37.889908,-122.058992
401818,37.892113,-122.063514
402072,37.893923,-122.067279
401110,37.901016,-122.070699
401056,37.904098,-122.069992
401111,37.906086,-122.069493
407475,37.914749,-122.066515
400208,37.918191,-122.06364
400883,37.92161,-122.061947
401522,37.925437,-122.060919
401283,37.92803,-122.060616
400193,37.935406,-122.060387
401280,37.94137,-122.060054
400037,37.943971,-122.058927
401734,37.947268,-122.057489
400110,37.951643,-122.055554
401774,37.963401,-122.054609
401748,37.967137,-122.057083
407469,37.970167,-122.059619
407479,37.977993,-122.065053
407471,37.982268,-122.066035
407473,37.985273,-122.066635
405930,37.995542,-122.071163
401496,37.99585,-122.071553
401100,37.998946,-122.075414
401720,38.002087,-122.078951
404727,38.005706,-122.082914
404728,38.007901,-122.085323
404730,38.01434,-122.091872
401750,38.020578,-122.100284
400756,38.024938,-122.11109
402412,38.027717,-122.116138
402545,38.03291,-122.117245
402543,38.034537,-122.118006
402542,38.036748,-122.119736
402466,38.040435,-122.122735
402465,38.041896,-122.123918
402413,38.043006,-122.124812
407477,38.062191,-122.13154
407476,38.062911,-122.131517
400265,38.070185,-122.12636
404709,38.074908,-122.12242
400961,38.088709,-122.109659
400044,38.116791,-122.106303
401421,38.145352,-122.110074
400462,38.182315,-122.134276
401488,38.204941,-122.138165
402464,38.050082,-122.139317
401134,38.050657,-122.142601
402528,38.051007,-122.133434
401148,38.050828,-122.142488
408306,38.090737,-122.227194
408907,37.321822,-121.940425
400951,37.325151,-121.940679
400057,37.335022,-121.935522
400147,37.34221,-121.926305
400343,37.348907,-121.917833
401560,37.357526,-121.907884
400045,37.363402,-121.902233
400122,37.36614,-121.901132
401541,37.370203,-121.901514
402281,37.38449,-121.904845
402283,37.391595,-121.906506
402285,37.398698,-121.908172
402286,37.405824,-121.909842
400088,37.414988,-121.912685
413026,37.421232,-121.914808
401464,37.424833,-121.916049
401489,37.427486,-121.916962
401538,37.430587,-121.917925
402290,37.436753,-121.919191
402292,37.445371,-121.920853
401643,37.456422,-121.923067
402800,37.463015,-121.925972
402828,37.467739,-121.928329
407219,37.477872,-121.93334
402789,37.478546,-121.93368
408755,37.482839,-121.936112
402802,37.484332,-121.93758
408756,37.485075,-121.938463
400189,37.493107,-121.948928
400309,37.495016,-121.951359
400417,37.500569,-121.958606
400249,37.506892,-121.966671
401639,37.508725,-121.968989
400662,37.522375,-121.987291
400141,37.523522,-121.989607
400761,37.529397,-122.001271
400490,37.531271,-122.004734
401888,37.541569,-122.018846
400137,37.54653,-122.022581
400716,37.54901,-122.02445
401545,37.559198,-122.03362
401011,37.563362,-122.038123
400674,37.565692,-122.040628
400539,37.572566,-122.045996
400534,37.581087,-122.048943
401062,37.58562,-122.051459
401529,37.589488,-122.054221
401613,37.592711,-122.056527
400536,37.600243,-122.061912
400488,37.608066,-122.067407
401561,37.614012,-122.071623
400611,37.619533,-122.075651
400928,37.62282,-122.077983
400284,37.630267,-122.083308
400041,37.633535,-122.085656
408133,37.637181,-122.088255
408135,37.639571,-122.089968
417665,37.6431,-122.092479
412637,37.645749,-122.094355
417666,37.646129,-122.094618
408134,37.652145,-122.09861
400685,37.654859,-122.100333
401003,37.659267,-122.103058
400898,37.661989,-122.104729
400275,37.667821,-122.108348
400939,37.670921,-122.110371
400180,37.674405,-122.114201
400529,37.677613,-122.118725
400990,37.680566,-122.123107
400515,37.683298,-122.126995
400252,37.687544,-122.133225
400788,37.691415,-122.138842
401517,37.703862,-122.156797
401871,37.707384,-122.161886
400574,37.711717,-122.168258
401629,37.714115,-122.171416
400422,37.715784,-122.173158
400333,37.719584,-122.177086
410363,37.723421,-122.180982
400360,37.730698,-122.187572
400955,37.732945,-122.189517
400495,37.74083,-122.196448
400608,37.741804,-122.197315
400949,37.756731,-122.210399
400678,37.764978,-122.217592
400341,37.771469,-122.22307
400607,37.77487,-122.232742
400094,37.776769,-122.236107
400682,37.779555,-122.237925
408138,37.794185,-122.264627
400980,37.797439,-122.271974
401333,37.801768,-122.283102
401142,37.802856,-122.286698
404746,37.802829,-122.286516
400218,37.803542,-122.301498
400983,37.805759,-122.303642
400765,37.811809,-122.303409
400923,37.824153,-122.291162
400844,37.822794,-122.291843
401143,37.826938,-122.291049
401611,37.318919,-121.940307
408911,37.325153,-121.940859
400723,37.334296,-121.936706
400514,37.334602,-121.936288
400709,37.341275,-121.927699
400253,37.342957,-121.925721
400508,37.34766,-121.919969
403265,37.349229,-121.917686
403225,37.349517,-121.91728
401440,37.356826,-121.908804
400030,37.359087,-121.906538
400479,37.362439,-121.903211
404759,37.365167,-121.901551
400971,37.368669,-121.901336
402121,37.380274,-121.904061
402282,37.384485,-121.905044
402284,37.391557,-121.90671
402120,37.399227,-121.908515
402287,37.405777,-121.910072
400238,37.413256,-121.912324
402119,37.421182,-121.915036
402291,37.438079,-121.919899
402293,37.44531,-121.921119
401642,37.451227,-121.922218
401637,37.4562,-121.923217
402801,37.462951,-121.926164
402829,37.467664,-121.92854
407221,37.477791,-121.933545
402788,37.478472,-121.933858
408757,37.483008,-121.936464
402803,37.484241,-121.937739
400409,37.490584,-121.945998
400941,37.492551,-121.948549
400698,37.500427,-121.958791
400363,37.505941,-121.965865
400739,37.507992,-121.968393
400468,37.521308,-121.985517
400778,37.522762,-121.98845
400576,37.529088,-122.001101
401362,37.53065,-122.003967
400810,37.544559,-122.021402
400248,37.546915,-122.023163
401557,37.559063,-122.033816
400451,37.561479,-122.036403
400686,37.563681,-122.038765
400186,37.572471,-122.046218
400565,37.577648,-122.04799
400839,37.580027,-122.048801
401073,37.585543,-122.051649
401038,37.589412,-122.05441
401614,37.592635,-122.056711
400067,37.597694,-122.060285
400853,37.5997,-122.061725
400006,37.605003,-122.065542
401716,37.607967,-122.067645
401240,37.613899,-122.071851
401450,37.61754,-122.074491
400038,37.622701,-122.078223
400681,37.629653,-122.083176
400634,37.633433,-122.085877
408140,37.637086,-122.088463
408142,37.639477,-122.090158
417676,37.642983,-122.0927
400427,37.64476,-122.093918
408141,37.652014,-122.098927
401475,37.654774,-122.100556
400321,37.659179,-122.103312
400463,37.661372,-122.104698
400670,37.664733,-122.106795
400383,37.670804,-122.110602
400666,37.67425,-122.114421
400312,37.677442,-122.118925
400146,37.680405,-122.123301
400486,37.683114,-122.127218
401072,37.68658,-122.132116
400225,37.689656,-122.136588
401068,37.703701,-122.156989
400091,37.70723,-122.162087
400942,37.709334,-122.165111
401621,37.713988,-122.171625
400192,37.71565,-122.173379
400228,37.71769,-122.175415
410370,37.723334,-122.181132
400442,37.730017,-122.18722
400134,37.731787,-122.188781
400740,37.738713,-122.194862
400793,37.740971,-122.19684
400956,37.750611,-122.205291
400498,37.764896,-122.217766
400190,37.771395,-122.223163
400669,37.774755,-122.232821
400570,37.776614,-122.236242
401710,37.779393,-122.238114
400835,37.794062,-122.264744
400609,37.796547,-122.270242
401714,37.800363,-122.279928
401339,37.801684,-122.28315
401141,37.802658,-122.286768
401708,37.801951,-122.295247
404761,37.802638,-122.286586
400454,37.803327,-122.301708
400300,37.805659,-122.303914
400093,37.811953,-122.303779
400242,37.824311,-122.291457
400659,37.822953,-122.292056
401156,37.826968,-122.292265
401190,37.803051,-122.279792
401144,37.80687,-122.277794
401615,37.810407,-122.275345
401413,37.814021,-122.271468
401896,37.817758,-122.269915
400642,37.821318,-122.268956
401273,37.803541,-122.279977
401137,37.806967,-122.278034
401610,37.810554,-122.275579
401416,37.814242,-122.271837
401911,37.818437,-122.27017
